{
	"matchid": "Privat Match",
	"num_maps": 3,
	"players_per_team": 1,
	"min_players_to_ready": 1,
	"min_spectators_to_ready": 0,
	"skip_veto": false,
	"veto_first": "team1",
	"side_type": "always_knife",

	"maplist":
	[
		"de_dust2",
		"de_inferno",
		"de_mirage",
		"de_nuke",
		"de_overpass",
		"de_train",
		"de_vertigo"
	],


	"team1": {
		"name": "One Team",
		"players":
		{
			"STEAM_1:1:....." : "",
			"STEAM_1:1:....." : "",
			"STEAM_1:1:....." : "",
			"STEAM_1:1:....." : "",
			"STEAM_1:1:....." : ""
		}
	},

	"team2": {
		"name": "Other Team",
		"players":
		{
			"STEAM_1:1:....." : "",
			"STEAM_1:1:....." : "",
			"STEAM_1:1:....." : "",
			"STEAM_1:1:....." : "",
			"STEAM_1:1:....." : ""
		}
	},

	"cvars": {
		"hostname": "Privat Match",
		"sm_practicemode_can_be_started": "0",
		"mp_maxrounds":		"15",
		"mp_overtime_enable":	"1"
	}
}
